{"cameraMode":{"drawMode":0,"name":"Shaded","section":"Shading Mode"},"sceneLighting":true,"audioPlay":false,"sceneViewState":{"m_AlwaysRefresh":false,"showFog":true,"showSkybox":true,"showFlares":true,"showImageEffects":true,"showParticleSystems":true,"showVisualEffectGraphs":true,"m_FxEnabled":true},"in2DMode":false,"pivot":{"x":0.24499574303627015,"y":0.1278749257326126,"z":-2.014565944671631},"rotation":{"x":-0.012039698660373688,"y":0.9786001443862915,"z":-0.19665083289146424,"w":-0.059966299682855609},"size":18.637821197509767,"orthographic":false}